名稱,搜尋字串
桃園國際機場,桃園國際機場 台灣
名古屋中部國際機場,中部國際空港 日本
飛驒高山老街（上三之町）,上三之町 高山 日本
高山飛驒PLAZA飯店,高山飛驒PLAZA飯店 日本
高山格蘭底亞飯店,高山格蘭底亞飯店 日本
高山GREEN飯店,高山GREEN飯店 日本
穗高莊,穗高莊 飯店 日本
下呂溫泉飯店,下呂溫泉 飯店 日本
白川鄉合掌村,白川鄉合掌村 日本
金澤兼六園,兼六園 金澤 日本
金澤城跡,金澤城跡 日本
石川門,石川門 金澤 日本
東茶屋街,東茶屋街 金澤 日本
金澤TMARK飯店,金澤TMARK飯店 日本
金澤RESOL飯店,金澤RESOL飯店 日本
金澤KOKO飯店,金澤KOKO飯店 日本
金澤MYSTAYS飯店,金澤MYSTAYS飯店 日本
富山地區住宿（同級）,富山 飯店 日本
郡上八幡,郡上八幡 日本
宗祇水,宗祇水 郡上八幡 日本
犬山城,犬山城 日本
三光稻荷神社,三光稻荷神社 犬山 日本
大須觀音,大須觀音 名古屋 日本
免稅店,名古屋 免稅店 日本
名古屋榮町商圈,榮 名古屋 日本
名古屋車站商圈,名古屋車站 日本
名古屋TRAVELOGE榮飯店,名古屋TRAVELOGE榮飯店 日本
MYSTAYS名古屋錦飯店,MYSTAYS 名古屋錦 日本
名古屋錦VISTA飯店,VISTA 名古屋錦 日本
DORMY INN名古屋榮飯店,DORMY INN 名古屋榮 日本
名鐵小牧飯店,名鐵小牧飯店 日本
中部國際機場Comfort飯店,Comfort Hotel 中部國際機場 日本
名古屋中央塔樓,名古屋中央塔樓 日本
榮町商圈,榮町 名古屋 日本
AEON購物中心,AEON 名古屋 日本